,"Tipo di struttura 
[variazione][struttura][dimensione][operazione]",Tempo (ms) iterazione 1,Tempo (ms) iterazione 2,Tempo (ms) iterazione 3,Tempo (ms) iterazione 4,Tempo (ms) iterazione 5,Tempo (ms) iterazione 6,Tempo (ms) iterazione 7,Tempo (ms) iterazione 8,Tempo (ms) iterazione 9,Tempo (ms) iterazione 10,Tempo (ms) iterazione 11,Tempo (ms) iterazione 12,Tempo (ms) iterazione 13,Tempo (ms) iterazione 14,Tempo (ms) iterazione 15,Tempo (ms) iterazione 16,Tempo (ms) iterazione 17,Tempo (ms) iterazione 18,Tempo (ms) iterazione 19,Tempo (ms) iterazione 20,Tempo (ms) iterazione 21,Tempo (ms) iterazione 22,Tempo (ms) iterazione 23,Tempo (ms) iterazione 24,Tempo (ms) iterazione 25,Tempo (ms) iterazione 26,Tempo (ms) iterazione 27,Tempo (ms) iterazione 28,Tempo (ms) iterazione 29,Tempo (ms) iterazione 30,Tempo (ms) iterazione 31,Tempo (ms) iterazione 32,Tempo (ms) iterazione 33,Tempo (ms) iterazione 34,Tempo (ms) iterazione 35,Tempo (ms) iterazione 36,Tempo (ms) iterazione 37,Tempo (ms) iterazione 38,Tempo (ms) iterazione 39,Tempo (ms) iterazione 40,Tempo (ms) iterazione 41,Tempo (ms) iterazione 42,Tempo (ms) iterazione 43,Tempo (ms) iterazione 44,Tempo (ms) iterazione 45,Tempo (ms) iterazione 46,Tempo (ms) iterazione 47,Tempo (ms) iterazione 48,Tempo (ms) iterazione 49,Tempo (ms) iterazione 50
0,maxHeap100Insert,0.11280039325356483,0.11809961870312691,0.12069987133145332,0.12559955939650536,0.11400086805224419,0.1142991241067648,0.12160069309175014,0.1329006627202034,0.1187997404485941,0.12010056525468826,0.11239945888519287,0.10249949991703033,0.11049979366362095,0.16400031745433807,0.15770085155963898,0.11559901759028435,0.24210126139223576,0.11410005390644073,0.2918001264333725,0.27190009132027626,0.27599954046308994,0.2609009388834238,0.12449943460524082,0.12259953655302525,0.12420001439750195,0.1256023533642292,0.11709891259670258,0.2910010516643524,0.11899927631020546,0.11020060628652573,0.11280132457613945,0.11450075544416904,0.11380016803741455,0.24179881438612938,0.2671009860932827,0.13649952597916126,0.2652013208717108,0.20740018226206303,0.1663006842136383,0.11940044350922108,0.11699902825057507,0.11430028825998306,0.10889978148043156,0.11750007979571819,0.11600041761994362,0.1083004754036665,0.11649960651993752,0.12260070070624352,0.11459947563707829,0.15770015306770802
1,maxHeap200Insert,0.451098196208477,0.43819891288876534,0.23850006982684135,0.23450073786079884,0.23169955238699913,0.2906997688114643,0.39569917134940624,0.22749975323677063,0.2162016462534666,0.23110024631023407,0.2396001946181059,0.23109838366508484,0.23770099505782127,0.23239990696310997,0.23190095089375973,0.23250002413988113,0.22929906845092773,0.22660172544419765,0.22790045477449894,0.2354003954678774,0.47810073010623455,0.2760007046163082,0.26470120064914227,0.2576999831944704,0.2735003363341093,0.3952016122639179,0.17989962361752987,0.4354999400675297,0.22450042888522148,0.22339937277138233,0.5656008142977953,0.2506012097001076,0.23139826953411102,0.524099450558424,0.20270026288926601,0.22080005146563053,0.22839754819869995,0.23249885998666286,0.23639900609850883,0.2397026401013136,0.2322003711014986,0.2347971312701702,0.2397000789642334,0.27080043219029903,0.2889998722821474,0.23009907454252243,0.2562019508332014,0.2360998187214136,0.230100704357028,0.2287016250193119
2,maxHeap500Insert,0.546600203961134,0.6061985623091459,1.4472026377916336,0.6025014445185661,0.9187005925923586,0.6038988940417767,0.5951975472271442,0.6124982610344887,0.618901802226901,0.6731981411576271,0.5892005283385515,0.6079003214836121,0.5987025797367096,0.6303980480879545,0.6550003308802843,1.197002362459898,0.5101002752780914,0.6191001739352942,0.5911006592214108,0.5801981315016747,0.6162985228002071,0.6252978928387165,0.5986988544464111,0.8446010760962963,0.6112970877438784,0.6092023104429245,1.0498964693397284,1.329601276665926,0.6643012166023254,0.6059987936168909,0.6301975809037685,0.5877979565411806,0.504498602822423,0.5776993930339813,0.6040013395249844,0.8515988010913134,0.6189981941133738,0.5157003179192543,1.0069017298519611,0.581095926463604,0.9291032329201698,0.4855976440012455,0.6172014400362968,0.5993021186441183,0.6610993295907974,0.4778990987688303,0.5882012192159891,0.5968988407403231,0.6119005847722292,0.6075985729694366
3,maxHeap1000Insert,1.142000313848257,1.0570981539785862,1.1246989015489817,1.0959005448967218,1.2985020875930786,1.3063973747193813,1.189898932352662,1.0700994171202183,1.9492018036544323,1.3062027283012867,1.3999040238559246,1.3092972803860903,1.2751002795994282,1.2409989722073078,1.3921961653977633,1.300198258832097,1.228703884407878,1.3748996425420046,1.2806027662009,1.2738967780023813,1.2077025603502989,1.30280083976686,1.6828954685479403,1.7715939320623875,1.2818966060876846,1.2831997592002153,1.3411031104624271,1.3030022382736206,1.3646993320435286,2.03699991106987,1.0564010590314865,1.1516998056322336,1.4119998086243868,1.2822020798921585,1.2635972816497087,2.2517023608088493,1.0854017455130816,1.2983009219169617,1.0668996255844831,1.261301338672638,1.0217984672635794,1.171098556369543,1.7878024373203516,1.0439988691359758,1.5123037155717611,1.2963972985744476,1.2487000785768032,0.989401014521718,1.2011972721666098,1.8301967065781355
4,maxHeap2000Insert,2.810601145029068,2.460804767906666,2.404298633337021,2.4325898848474026,2.4295011535286903,2.395794028416276,2.4321014061570168,3.3198038581758738,2.144002355635166,2.6462043169885874,2.752997912466526,2.29490059427917,2.183503471314907,2.5780966971069574,4.965696716681123,2.42309900932014,2.543303882703185,2.428697422146797,2.1407066378742456,2.2457046434283257,2.614001976326108,4.130001645535231,2.5029999669641256,2.452103653922677,2.895595505833626,2.480698749423027,2.610006369650364,2.4092996027320623,2.6941022370010614,2.3821007926017046,2.4196025915443897,2.4237995967268944,2.8797988779842854,2.293905010446906,2.209292957559228,2.5515046436339617,2.6258041616529226,2.211101120337844,2.1009002812206745,3.101801499724388,2.213103463873267,2.210100879892707,3.052202519029379,3.2511106692254543,2.2108962293714285,2.59040598757565,3.4436052665114403,2.2652025800198317,2.404593164101243,2.2306968457996845
5,maxHeap100IncDec,0.11179852299392223,0.10689976625144482,0.10860012844204903,0.10350020602345467,0.1104995608329773,0.10799895972013474,0.10990025475621223,0.11980067938566208,0.22029923275113106,0.1833997666835785,0.12090057134628296,0.17020083032548428,0.19180052913725376,0.11209980584681034,0.10959850624203682,0.11060107499361038,0.11279946193099022,0.11449865996837616,0.14299852773547173,0.10949932038784027,0.10929908603429794,0.10429834946990013,0.10089832358062267,0.10670069605112076,0.10880036279559135,0.13350113295018673,0.09880075231194496,0.10349997319281101,0.10470091365277767,0.18840073607861996,0.11520180851221085,0.1079996582120657,0.10709790512919426,0.11080107651650906,0.10259984992444515,0.18159975297749043,0.12170081026852131,0.11109933257102966,0.18580141477286816,0.11490005999803543,0.1009996049106121,0.1062008086591959,0.11000013910233974,0.13260077685117722,0.10809884406626225,0.11020037345588207,0.10409951210021973,0.11079967953264713,0.10610045865178108,0.10619917884469032
6,maxHeap200IncDec,0.1963004469871521,0.20520063117146492,0.2119983546435833,0.22049853578209877,0.22799940779805183,0.22329972125589848,0.19719870761036873,0.18160114996135235,0.3919997252523899,0.41049905121326447,0.210499856621027,0.3726996947079897,0.21130102686583996,0.2141979057341814,0.21609803661704063,0.2238007728010416,0.18740026280283928,0.2268997486680746,0.2222002949565649,0.21159974858164787,0.2044986467808485,0.2151988446712494,0.21359953097999096,0.3477982245385647,0.4947022534906864,0.4335001576691866,0.2159008290618658,0.20639761351048946,0.18249801360070705,0.2328983973711729,0.21339952945709229,0.21740025840699673,0.21719932556152344,0.22060167975723743,0.21949829533696175,0.2076001837849617,0.21650036796927452,0.2296995371580124,0.33799908123910427,0.3781011328101158,0.2057014498859644,0.22410135716199875,0.22170040756464005,0.22170040756464005,0.1803007908165455,0.2225032076239586,0.2144991885870695,0.21620001643896103,0.22309855557978153,0.21939934231340885
7,maxHeap500IncDec,0.47409627586603165,0.5783024244010448,0.8534002117812634,0.5487988237291574,0.4474022425711155,0.5715987645089626,0.46879961155354977,1.0379008017480373,0.5446008872240782,0.6151990965008736,0.508501660078764,0.5707996897399426,0.5020997487008572,0.5703028291463852,0.5947004538029432,0.7934968452900648,1.0464973747730255,0.5735992453992367,0.525397714227438,0.5667009390890598,0.5937996320426464,0.5771019496023655,0.5412970203906298,0.5480998661369085,0.47340174205601215,0.5599027499556541,0.6075957790017128,0.5424981936812401,0.46029756776988506,0.48979860730469227,0.5366990808397532,0.810400815680623,0.583399087190628,0.5819983780384064,0.4881010390818119,0.4483016673475504,0.47140102833509445,0.45980140566825867,1.0852019768208265,0.46640029177069664,0.5690990947186947,0.5909970495849848,0.5583979655057192,0.5542011931538582,0.5434001795947552,0.6993003189563751,0.4873010329902172,0.5195958074182272,0.43830089271068573,0.4707991611212492
8,maxHeap1000IncDec,0.9810000192373991,1.063699834048748,1.0529039427638054,1.2501988094300032,1.0452009737491608,1.0559021029621363,1.2334021739661694,0.9773015044629574,0.9430027566850185,1.0206929873675108,1.0552979074418545,0.9274033363908529,0.924896914511919,1.1931988410651684,1.4536958187818527,1.0804000776261091,0.970201101154089,0.9479972068220377,1.206196378916502,1.1997013352811337,1.013600267469883,0.9823027066886425,1.4988963957875967,1.2374974321573973,1.0896031744778156,1.0667971801012754,1.362101873382926,1.149699091911316,1.0635021608322859,1.0715990792959929,1.0315997060388327,1.139097148552537,1.0678009130060673,1.0785975027829409,1.0167001746594906,1.198396785184741,1.1787998955696821,1.108501572161913,1.178300241008401,1.043395372107625,1.1218017898499966,1.4293009880930185,0.9632976725697517,0.9936955757439137,1.1017012875527143,1.2156995944678783,0.9843020234256983,0.9834002703428268,1.2481031008064747,1.151498407125473
9,maxHeap2000IncDec,1.9357032142579556,1.9496006425470114,2.2340056020766497,2.0222000312060118,2.5495029985904694,2.0452055614441633,2.200403483584523,2.049502218142152,2.3379959166049957,2.243903698399663,2.503802767023444,2.469803672283888,2.402100246399641,2.084799576550722,3.1235984060913324,1.982507761567831,2.2503987420350313,2.0499974489212036,2.416298957541585,2.0470006857067347,2.1732028108090162,1.899105031043291,2.279493259266019,2.2425998467952013,2.302200300619006,1.9391048699617386,1.9866048824042082,2.224299358204007,1.89500255510211,2.5457025039941072,1.9511985592544079,2.4044036399573088,2.1746002603322268,2.3072981275618076,2.0873022731393576,2.224104478955269,2.0737024024128914,2.152304397895932,1.9351986702531576,2.2528984118252993,1.9156946800649166,2.3449999280273914,2.262902446091175,2.1611982956528664,1.9644941203296185,2.063099294900894,2.3373966105282307,2.174203982576728,1.9743992015719414,2.015301724895835
10,maxHeap100Extract,0.3694992046803236,0.34400029107928276,0.3850001376122236,0.30730036087334156,0.34389994107186794,0.29260083101689816,0.32879901118576527,0.33810106106102467,0.2791001461446285,0.29929936863482,0.3432000521570444,0.28710090555250645,0.5238985177129507,0.3620015922933817,0.29640085995197296,0.35279872827231884,0.327900517731905,0.34169876016676426,0.6869009230285883,0.3251996822655201,0.3342998679727316,0.3513004630804062,0.321301631629467,0.3445995971560478,0.3059001173824072,0.5085007287561893,0.348398694768548,0.34270063042640686,0.3998987376689911,0.34300005063414574,0.34999940544366837,0.3527000080794096,0.42649940587580204,0.2869991585612297,0.3025997430086136,0.31060073524713516,0.3494999837130308,0.34109875559806824,0.3546997904777527,0.3768990281969309,0.4429020918905735,0.3983981441706419,0.33530150540173054,0.3479996230453253,0.31300075352191925,0.2766000106930733,0.27099880389869213,0.5179988220334053,0.30139973387122154,0.3390002530068159
11,maxHeap200Extract,0.7242970168590546,0.7874025031924248,0.6531004328280687,1.066901022568345,0.792899401858449,0.9728013537824154,0.7919017225503922,0.7245971355587244,0.6674022879451513,0.7474024314433336,0.9133028797805309,0.6497022695839405,0.7518990896642208,0.6556003354489803,0.8080999832600355,0.6864003371447325,0.6463024765253067,0.8883005939424038,0.6645023822784424,0.9332008194178343,0.734798377379775,0.9132004342973232,0.7086002733558416,0.6720998790115118,0.7272996008396149,0.6389990448951721,1.0105983819812536,0.717599643394351,0.7314016111195087,0.8010980673134327,1.5350021421909332,1.066101249307394,1.5025015454739332,1.1610002256929874,1.616599503904581,1.3521008659154177,0.8837992791086435,0.7099988870322704,0.7843009661883116,0.6340981926769018,0.862200977280736,0.6607992108911276,0.8545990567654371,0.7129996083676815,0.7374994456768036,0.6860001012682915,0.663799699395895,0.8309001568704844,0.659900950267911,0.8634005207568407
12,maxHeap500Extract,2.323598600924015,2.4058970157057047,2.186897676438093,2.345799468457699,2.2032984998077154,2.099202247336507,2.214300911873579,2.261500805616379,2.2826045751571655,2.128098625689745,2.176401438191533,2.270202385261655,2.276199869811535,2.2236036602407694,2.2016000002622604,2.182695548981428,2.2100999485701323,2.1139970049262047,2.2295010276138783,2.193200634792447,2.1553963888436556,2.0652993116527796,2.1600036416202784,2.3521981202065945,2.1599000319838524,2.184003358706832,2.1734987385571003,2.145699691027403,2.1293985191732645,2.1657003089785576,2.2293985821306705,2.1933019161224365,2.3216037079691887,2.0944008138030767,2.1416996605694294,2.1716016344726086,2.1869009360671043,2.487699966877699,2.179201226681471,2.0942019764333963,2.167897531762719,2.0838018972426653,2.0437028724700212,2.1629976108670235,2.103102393448353,2.248201286420226,2.074700081720948,2.204699208959937,2.105597173795104,2.0985992159694433
13,maxHeap1000Extract,5.7532943319529295,4.906695336103439,4.998597549274564,5.0105995032936335,4.855503095313907,4.99120238237083,4.859501263126731,4.904599627479911,4.784001735970378,4.898999817669392,4.853100283071399,5.064802011474967,4.772800952196121,4.754500929266214,5.620995769277215,4.969801055267453,4.808698082342744,4.759903997182846,4.778905538842082,4.914099117740989,4.806000739336014,4.819600377231836,6.145895225927234,4.749699030071497,4.6995035372674465,4.8072016797959805,4.813900217413902,4.670105176046491,6.1934038531035185,4.9919013399630785,4.854100523516536,4.782600328326225,4.779099719598889,4.715098300948739,4.786095581948757,4.783392651006579,4.712700843811035,4.805302480235696,4.789700964465737,4.736500326544046,4.7478992491960526,4.703701706603169,5.561801139265299,4.770701751112938,4.755303030833602,4.686197964474559,4.892005585134029,5.465002730488777,4.901597276329994,5.471601849421859
14,maxHeap2000Extract,11.625900864601135,14.192199800163507,13.01859924569726,11.393194319680333,13.228000607341528,11.425604578107595,10.824801167473197,10.77509974129498,11.573300929740071,10.783502599224448,10.764398146420717,10.680301114916801,11.473205871880054,11.37019949965179,11.275699827820063,11.644501006230712,10.863706469535828,10.865098563954234,10.751599911600351,11.44980313256383,10.773599613457918,10.702596046030521,12.206705287098885,10.973700555041432,10.71089762263,10.781999677419662,11.670403880998492,10.718097677454352,10.763994650915265,10.816303081810474,11.300607118755579,10.767997009679675,10.694296332076192,11.566197965294123,10.73039579205215,10.907596675679088,10.891402838751674,11.409898521378636,10.739907622337341,12.159398291260004,11.561703169718385,10.848902631551027,10.729602072387934,11.50840031914413,11.32991025224328,10.768699459731579,10.766597697511315,10.793098248541355,11.842697393149137,10.832104366272688
15,maxLinkedList100Insert,0.2175013069063425,0.5104008596390486,0.4039006307721138,0.250599579885602,0.6067000795155764,0.1867001410573721,0.1791019458323717,0.1897995825856924,0.18660025671124458,0.24650036357343197,0.1854994334280491,0.18840143457055092,0.26679784059524536,0.2618997823446989,0.2609004732221365,0.26239920407533646,0.18709944561123848,0.26420014910399914,0.26510003954172134,0.2657005097717047,0.23519922979176044,0.2064993605017662,0.2582990564405918,0.1798016019165516,0.2640979364514351,0.3031007945537567,0.2604988403618336,0.2687994856387377,0.2635002601891756,0.40939939208328724,0.28669810853898525,0.5346003454178572,0.21900050342082977,0.5432995967566967,0.2705003134906292,0.2627002540975809,0.21749990992248058,0.25960011407732964,0.2635011915117502,0.2654001582413912,0.2607989590615034,0.2606990747153759,0.4321995656937361,0.27890061028301716,0.33750105649232864,0.26649958454072475,0.2653985284268856,0.26210094802081585,0.26329956017434597,0.265300739556551
16,maxLinkedList200Insert,0.5755014717578888,0.9175003506243229,0.7568004075437784,0.7702005095779896,0.9154989384114742,0.935401301831007,2.3059011436998844,0.8449999149888754,0.900099752470851,0.9542005136609077,0.6215015891939402,0.5831997841596603,0.5693994462490082,0.7631988264620304,0.9041011799126863,0.9109990205615759,0.9111992549151182,0.5743007641285658,0.9118001908063889,1.6280000563710928,2.284200629219413,0.7039979100227356,0.6363021675497293,0.8800013456493616,0.9294995106756687,0.919001642614603,0.9196009486913681,0.6078979931771755,0.874001532793045,0.8691996335983276,0.7487994153052568,0.9042003657668829,0.9089973755180836,0.920099439099431,2.1244031377136707,0.8912002667784691,0.6005973555147648,0.6708011496812105,0.9067000355571508,0.9065009653568268,0.8538002148270607,1.2755000498145819,0.5880987737327814,0.9125992655754089,0.6061000749468803,0.9050983935594559,0.9129017125815153,0.7553983014076948,1.0106987319886684,1.6396001446992159
17,maxLinkedList500Insert,3.4989980049431324,3.3338989596813917,3.115501254796982,4.193197237327695,4.081696039065719,3.168497933074832,3.7451002281159163,4.543299786746502,3.357102395966649,5.031798500567675,3.6435998044908047,4.6763033606112,3.635198110714555,4.144901875406504,4.871700657531619,3.151604440063238,3.630000399425626,3.164001042023301,5.417800508439541,3.846402047201991,3.3967995550483465,3.158896928653121,4.103400046005845,3.775300458073616,3.7999979685992002,5.467001814395189,3.435599384829402,3.702701535075903,3.101504407823086,5.482599604874849,3.3664009533822536,3.712102072313428,5.87469944730401,3.417401574552059,3.515001619234681,3.6498999688774347,5.971397738903761,3.34759964607656,3.6777968052774668,4.383601481094956,6.357494043186307,3.3000996336340904,3.8990990724414587,6.340197287499905,3.5720993764698505,3.3050994388759136,3.1201026868075132,4.534498089924455,3.092499915510416,3.325400874018669
18,maxLinkedList1000Insert,13.092601904645562,13.019405538216233,12.598597444593906,12.302296934649348,13.320093741640449,13.267999282106757,13.593001756817102,13.870296068489552,14.035502448678017,14.052798273041844,15.347799519076943,14.264394761994481,12.275096960365772,13.658202486112714,12.602104339748621,14.19900101609528,13.359891483560205,14.869095990434289,13.226101640611887,12.309305602684617,14.056596904993057,13.248299714177847,13.444399228319526,13.699500355869532,13.777000596746802,16.548197716474533,15.25949640199542,14.224205166101456,14.855996705591679,15.785395633429289,14.55779792740941,16.893899301066995,12.457299511879683,12.234904104843736,13.893593335524201,13.499399181455374,13.826601905748248,13.835201971232891,14.977199491113424,13.576789991930127,13.661698438227177,12.683797860518098,13.649792177602649,16.02230011485517,13.71179474517703,13.87830451130867,14.158103382214904,14.785496285185218,15.048099448904395,14.858799753710628
19,maxLinkedList2000Insert,52.585804369300604,56.36308714747429,51.06420605443418,55.073999799788,50.385300535708666,65.87909860536456,64.94640000164509,48.42689563520253,56.582104647532105,47.563195461407304,48.21629682555795,49.73580688238144,49.50150288641453,47.23190353251994,50.49729999154806,50.24810624308884,51.669601583853364,48.316204687580466,48.89680980704725,48.96199586801231,49.22819975763559,46.620095148682594,48.14679943956435,48.30459598451853,46.632702462375164,56.2921033706516,49.077605130150914,50.19660037942231,49.934902461245656,50.16409861855209,48.3394970651716,50.17930036410689,55.749596329405904,52.20859916880727,51.93410348147154,50.12190155684948,47.26169747300446,48.1346040032804,47.62159916572273,51.322804065421224,48.35739568807185,47.16969933360815,47.32089955359697,48.66520734503865,52.64380224980414,48.20549883879721,49.92350027896464,71.80469739250839,54.82940282672644,51.76029936410487
20,maxLinkedList100IncDec,0.90269953943789,0.3322986885905266,0.35110022872686386,0.33730012364685535,0.2978001721203327,0.3114009741693735,0.5402993410825729,0.325698871165514,0.3005994949489832,0.2916986122727394,0.313399126753211,0.3109003882855177,0.31589996069669724,0.2954003866761923,0.2986001782119274,0.32570003531873226,0.34239981323480606,0.2826985437422991,0.309700146317482,0.30579930171370506,0.30839815735816956,0.3053992986679077,0.3003000747412443,0.43739774264395237,1.0308006312698126,0.9116996079683304,0.30670082196593285,0.28900057077407837,0.30069868080317974,0.4073004238307476,0.2826009877026081,0.31079957261681557,0.31860056333243847,0.28899963945150375,0.3079997841268778,0.2975987736135721,0.29820017516613007,0.29530120082199574,0.30330056324601173,0.3118007443845272,0.3063993062824011,0.3139993641525507,0.31030038371682167,0.2854003105312586,0.2921989653259516,0.31099910847842693,1.0599996894598007,0.48289913684129715,0.638800673186779,1.229198882356286
21,maxLinkedList200IncDec,0.9841995779424906,1.1066000442951918,1.0111001320183277,1.0755008552223444,1.05370138771832,1.0277004912495613,1.2962999753654003,1.7228999640792608,1.0364004410803318,1.0220024269074202,1.3277002144604921,0.9976003784686327,1.0040025226771832,1.0075990576297045,1.3185995630919933,1.0734007228165865,2.2016975563019514,1.9941006321460009,1.009301282465458,1.0688018519431353,1.0467018000781536,1.308800419792533,1.096199732273817,1.0457979515194893,1.2790979817509651,1.1888982262462378,1.0518990457057953,1.0305019095540047,1.038998132571578,1.4932004269212484,1.0569996666163206,1.0449034161865711,1.0666027665138245,1.3172016479074955,1.1547012254595757,1.1799999047070742,1.0392996482551098,1.3402029871940613,0.9707005228847265,1.0433995630592108,1.0774994734674692,1.2251995503902435,1.051099505275488,1.1477028019726276,1.3872005511075258,1.1081008706241846,1.1438014917075634,1.0560976807028055,1.0570005979388952,1.0031997226178646
22,maxLinkedList500IncDec,7.594902999699116,6.691399961709976,7.060002302750945,7.39529705606401,7.20499805174768,6.485301535576582,9.09390114247799,6.611500633880496,8.611998055130243,6.513005821034312,7.344701560214162,6.198699818924069,7.022298173978925,6.82329828850925,7.082103285938501,6.349701434373856,6.7327008582651615,6.484699435532093,7.56189925596118,6.632499396800995,7.269297493621707,6.380602717399597,7.3582022450864315,6.179499672725797,7.089001825079322,7.465897593647242,7.828596280887723,6.669793976470828,7.693600608035922,6.91930134780705,7.670994149520993,6.588205695152283,7.556799100711942,6.6568986512720585,9.109297767281532,7.085098884999752,8.190900785848498,7.008995395153761,6.903398083522916,6.504899589344859,12.60689995251596,14.984502457082272,17.814399674534798,9.635904105380177,9.258705656975508,7.037703413516283,9.078401606529951,7.473401026800275,7.523497799411416,6.366501096636057
23,maxLinkedList1000IncDec,34.80070363730192,32.06849726848304,31.576795037835836,96.26410785131156,41.81939433328807,28.172400081530213,29.93119671009481,28.179798275232315,28.997602639719844,30.324400635436177,28.208097210153937,30.131602426990867,28.235303005203605,29.41310335882008,30.91060579754412,31.121603678911924,31.876100227236748,27.75650331750512,28.84029783308506,29.548999154940248,30.772102531045675,30.202897964045405,30.92650044709444,29.182395664975047,30.752097023651004,30.96109814941883,30.294803669676185,28.950501466169953,30.029298970475793,28.967699967324734,29.705994529649615,29.01349402964115,28.76720088534057,30.755503568798304,30.428301775828004,31.563901342451572,30.53639899007976,28.181298868730664,28.851899318397045,29.749401845037937,31.270994571968913,29.789199586957693,28.771903133019805,31.787899788469076,29.509494081139565,28.936396585777402,28.723404742777348,29.183899285271764,30.544798355549574,28.493900783360004
24,maxLinkedList2000IncDec,119.96099422685802,117.5793968141079,119.23189321532845,141.74250490032136,125.94180344603956,119.99380122870207,117.72160418331623,123.5037085134536,119.83190104365349,122.11600225418806,116.26369738951325,117.54570272751153,120.07320020347834,118.23220201767981,121.28160777501762,122.18960840255022,120.2925022225827,116.05020263232291,119.76889800280333,116.75039865076542,151.5103040728718,126.0393038392067,117.82430415041745,122.81879503279924,124.19009557925165,118.60079830512404,120.08849531412125,121.21099373325706,119.74809807725251,118.89691581018269,124.48569457046688,118.99210535921156,119.31350012309849,118.48970036953688,121.0335937794298,119.51020336709917,117.54849995486438,121.39509874396026,146.53270202688873,127.85029411315918,121.58769485540688,120.50619907677174,120.86959648877382,119.74050244316459,122.90970189496875,121.2546022143215,119.97269769199193,122.05039639957249,120.3721035271883,121.97269988246262
25,maxLinkedList100Extract,0.5849990993738174,0.5790004506707191,0.5691004917025566,0.5448013544082642,1.193199073895812,0.5612000823020935,1.2580996844917536,0.42150006629526615,0.5175010301172733,0.5142998415976763,0.5062995478510857,0.5443994887173176,0.6416994147002697,0.48249890096485615,0.5502987187355757,0.47909864224493504,0.5133999511599541,0.4091986920684576,0.5499999970197678,0.4389986861497164,0.5609006620943546,0.5528014153242111,0.5518009420484304,0.5457007791846991,0.5667998921126127,0.5044008139520884,0.5499010439962149,0.5513990763574839,0.5667991936206818,0.545799033716321,0.5531995557248592,0.5546004977077246,0.6488000508397818,1.2642012443393469,0.4829992540180683,1.5664994716644287,0.9967992082238197,0.5599008873105049,0.5669994279742241,0.5520002450793982,0.5492018535733223,0.5453010089695454,0.5546999163925648,0.5144011229276657,0.5463003180921078,0.5505010485649109,0.5610007792711258,0.5598007701337337,0.5751010030508041,0.5518007092177868
26,maxLinkedList200Extract,1.5719989314675331,1.8878004048019648,1.6817976720631123,2.5779008865356445,1.7688001971691847,2.063699997961521,2.1150000393390656,1.7830983269959688,2.0867008715867996,3.9250007830560207,1.8566010985523462,2.108501037582755,2.0725990179926157,1.9230011384934187,2.9696004930883646,1.8437020480632782,1.8505973275750875,2.1367985755205154,1.9298021215945482,1.7832000739872456,1.8029995262622833,2.177897607907653,1.821199432015419,1.5499999281018972,2.094798721373081,1.6837997827678919,2.1116002462804317,2.0453014876693487,3.7984999362379313,1.6540992073714733,1.8492995295673609,1.75770022906363,2.0862994715571404,1.7141976859420538,1.7377010080963373,2.635199110955,2.837098203599453,1.9229997415095568,2.126200357452035,2.0802998915314674,1.8519989680498838,2.0255015697330236,1.8873007502406836,1.9350007642060518,1.6085009556263685,1.7002979293465614,1.561898970976472,2.06570141017437,1.8045997712761164,2.0371992141008377
27,maxLinkedList500Extract,9.471398778259754,10.649101110175252,8.781001204624772,10.658498853445053,11.636799201369286,9.080199990421534,10.647401446476579,10.1044955663383,8.766800165176392,11.801202083006501,10.560102295130491,8.75330250710249,11.805898044258356,9.426799835637212,8.917200844734907,9.572298731654882,9.06499964185059,10.84820181131363,9.396594483405352,9.828198701143265,9.911797242239118,9.126701625064015,9.228703798726201,11.149101657792926,11.564097832888365,10.229700477793813,10.326700052246451,9.137402754276991,10.116500779986382,9.829503251239657,8.860999951139092,10.61790226958692,9.147101547569036,10.251499712467194,9.654996683821082,11.583200190216303,11.177399195730686,10.365698486566544,11.90150179900229,9.871002519503236,9.927698876708746,9.073700290173292,10.643196757882833,10.733099188655615,9.142396971583366,11.889598798006773,11.7131017614156,9.606300154700875,10.62709977850318,10.696398792788386
28,maxLinkedList1000Extract,39.04099785722792,37.18600072897971,38.8893005438149,37.479200633242726,36.837297258898616,38.2834009360522,38.50469714961946,42.42950468324125,57.64209991320968,39.34930055402219,38.88680343516171,40.186994010582566,40.4040003195405,37.317897425964475,37.918501533567905,105.2146009169519,35.79009510576725,38.62980008125305,38.52609661407769,39.22509518451989,42.69490158185363,40.64029618166387,39.15170137770474,36.7577001452446,38.34699955768883,39.006898645311594,36.04180528782308,37.860700860619545,37.989601492881775,36.682801553979516,39.24949886277318,39.750403026118875,40.75109772384167,53.4986003767699,39.60220026783645,37.07679337821901,37.23010397516191,36.24159819446504,37.35660272650421,39.40459876321256,36.98940179310739,36.04870126582682,36.6874982137233,38.83770410902798,36.60160209983587,36.68450121767819,38.88309793546796,36.30460426211357,38.63330138847232,41.9598997104913
29,maxLinkedList2000Extract,142.59280054830015,142.77290017344058,146.98470220901072,170.34549941308796,147.36900245770812,145.91459813527763,149.1479983087629,141.9069953262806,146.09929430298507,143.60090321861207,146.75690489821136,145.08359716273844,145.9764011669904,145.78439434990287,145.24699933826923,148.4055023174733,147.32540235854685,182.66859976574779,153.0140016693622,154.48349551297724,145.1397070195526,150.34339833073318,147.44990272447467,142.82459765672684,150.29759868048131,143.01330200396478,144.1189970355481,144.61629977449775,144.55699524842203,140.53330128081143,145.40100283920765,146.09650312922895,170.07659701630473,153.3220917917788,151.02009754627943,142.35369255766273,143.00660695880651,146.66809770278633,142.60710030794144,155.61799728311598,144.00519896298647,146.2100027129054,146.70230075716972,143.92870315350592,148.21039861999452,148.37081171572208,162.0713013689965,151.35850361548364,142.14170281775296,146.8524078372866
30,maxLinkedOrderedList100Insert,0.3214017488062382,0.27059903368353844,0.2593998797237873,0.2571004442870617,0.2442996483296156,0.2508987672626972,0.2637000288814306,0.3645997494459152,0.34840009175240993,0.8344985544681549,1.0146002750843763,0.9680995717644691,1.1363981757313013,0.5636988207697868,0.7617997471243143,0.3563016653060913,0.3550001420080662,0.33909897319972515,0.35120011307299137,0.315200537443161,0.3229002468287945,0.3191002178937197,0.24119974114000797,0.2691992558538914,0.23230048827826977,0.2541998401284218,0.26660109870135784,0.2824005205184221,0.317699508741498,0.34319888800382614,0.34929881803691387,0.4651013296097517,0.8066995069384575,0.637801131233573,0.2906988374888897,0.31199981458485126,0.5988006014376879,0.42199878953397274,0.5490996409207582,0.8336985483765602,0.42929849587380886,0.3584008663892746,0.3683010581880808,0.3435998223721981,0.2924001310020685,0.3275997005403042,0.35440223291516304,0.29499921947717667,0.44199940748512745,0.27450104244053364
31,maxLinkedOrderedList200Insert,0.8535005617886782,0.8326005190610886,1.0894997976720333,1.237999415025115,2.067801309749484,1.4735006261616945,1.214099582284689,1.1711998376995325,0.9487986098974943,1.0452992282807827,1.4577023684978485,0.9226994588971138,1.017098780721426,2.1629976108670235,1.5256977640092373,1.307499362155795,1.1829989962279797,1.2705996632575989,1.1578018311411142,1.2424984015524387,1.1922006960958242,0.9448013734072447,0.992900924757123,2.85950000397861,1.1764985974878073,1.2215008027851582,0.9858985431492329,0.828899908810854,0.8772015571594238,0.9116006549447775,2.169796032831073,0.9345004800707102,1.274898648262024,1.7812992446124554,1.0654006619006395,1.1454981286078691,1.1769002303481102,1.3052001595497131,1.0478002950549126,1.4576963149011135,0.7817992009222507,0.8763012010604143,0.9761983528733253,0.9337025694549084,3.020401345565915,1.0019992478191853,1.1817999184131622,1.0054002050310373,1.0863984934985638,1.9180015660822392
32,maxLinkedOrderedList500Insert,7.030300563201308,6.478401366621256,4.80230338871479,6.273701088503003,5.32680144533515,4.94159827940166,5.222698207944632,4.965801490470767,8.280300535261631,4.710400942713022,5.308001302182674,7.0674975868314505,7.218600949272513,7.452098187059164,5.231599789112806,4.8844958655536175,6.544298026710749,4.753900459036231,4.798402544111013,5.742600653320551,4.690098576247692,7.244701962918043,5.07279927842319,5.853495327755809,6.456997012719512,5.054195411503315,9.87649941816926,6.261300062760711,5.377698456868529,5.663801683112979,4.973997129127383,6.093797506764531,4.823698662221432,5.1116005051881075,7.3593994602561,5.148002645000815,6.564599461853504,5.949600134044886,5.090802209451795,6.343202432617545,4.792202264070511,4.994200775399804,6.664598360657692,4.744100850075483,6.703799357637763,4.848800832405686,4.981100559234619,6.600398803129792,4.694696981459856,5.2194001618772745
33,maxLinkedOrderedList1000Insert,22.421301808208227,21.804597228765488,19.0018976572901,21.014598896726966,21.86910156160593,21.243796218186617,19.50739766471088,21.497999783605337,19.30889580398798,22.166305454447865,21.475299960002303,20.294793182983994,18.742197658866644,21.810896694660187,21.712199319154024,22.99800096079707,20.87930217385292,19.763597985729575,21.8773961532861,20.58969996869564,21.2176984641701,20.480692852288485,19.074304727837443,20.517501514405012,21.900105057284236,23.293399484828115,21.097299410030246,19.977397983893752,20.094800274819136,21.659801714122295,19.858799409121275,21.01670461706817,20.254899514839053,32.44109498336911,21.465598605573177,19.08539980649948,19.589400151744485,21.978501696139574,22.90609828196466,19.792099250480533,20.903196185827255,18.972297431901097,22.471097763627768,19.387896871194243,23.649399168789387,21.354296477511525,19.282696768641472,19.448803504928946,20.453303586691618,19.58119752816856
34,maxLinkedOrderedList2000Insert,72.87720404565334,77.79609621502459,76.98660111054778,76.79309439845383,80.21829533390701,76.50769595056772,97.38579322583973,74.21990297734737,81.03170013055205,77.70480122417212,78.59689882025123,81.37009176425636,73.95799783989787,76.58009929582477,74.01090208441019,76.88030181452632,89.6623998414725,75.88850473985076,74.97540209442377,76.69389969669282,83.26609758660197,76.96469477377832,78.04219773970544,80.558201065287,75.48819831572473,80.5826997384429,76.76189905032516,77.67789834178984,74.74620407447219,78.75679759308696,76.00700110197067,76.64170279167593,73.56439647264779,96.7945959419012,93.27370207756758,76.92229747772217,79.08630580641329,76.71989849768579,81.70749782584608,77.28570117615163,75.29670791700482,75.70050610229373,75.12410404160619,77.25969818420708,77.70430226810277,80.91870206408203,79.52969777397811,76.54420263133943,85.47609695233405,81.03629993274808
35,maxLinkedOrderedList100IncDec,1.0032004211097956,0.9102998301386833,0.9582010097801685,1.073999796062708,0.9229998104274273,0.8716995362192392,0.7909992709755898,0.9909018408507109,1.544499071314931,0.9605002123862505,0.9205995593219995,0.9045000188052654,0.7357015274465084,0.9851998183876276,0.8889988530427217,0.9085994679480791,0.8656983263790607,0.9369014296680689,0.9082993492484093,1.7486994620412588,0.6696993950754404,1.66860013268888,0.9568014647811651,0.717599643394351,0.9360008407384157,0.8582000155001879,0.8214991539716721,0.9325006976723671,0.908699119463563,0.6753993220627308,0.9482998866587877,1.3166991993784904,0.8203007746487856,0.7302011363208294,0.9455976542085409,0.8700997568666935,0.799199566245079,0.8890011813491583,0.9601002093404531,0.9074006229639053,0.8894000202417374,0.7264020387083292,0.8852004539221525,0.8146995678544044,2.1168002858757973,0.9453000966459513,0.7334006950259209,0.8978019468486309,0.8500008843839169,0.8544009178876877
36,maxLinkedOrderedList200IncDec,2.718699164688587,2.7120986487716436,3.8754979614168406,3.2743012998253107,2.4642006028443575,2.760099247097969,4.111499758437276,2.988900290802121,3.3910011406987906,3.361200913786888,4.782698815688491,2.6496995706111193,2.9884018003940582,3.153100609779358,4.338800674304366,3.3271012362092733,2.963300794363022,3.427401417866349,4.22290014103055,3.349400358274579,2.4875998497009277,3.306400263682008,3.467101603746414,2.651502611115575,2.4748987052589655,2.859401283785701,3.4870982635766268,3.9675976149737835,3.3975006081163883,3.020197618752718,2.912200288847089,3.4815995022654533,3.5589986946433783,2.9439989011734724,3.0806008726358414,4.383499035611749,3.4621015656739473,2.7110010851174593,3.1904003117233515,3.4267990849912167,3.530502784997225,2.838900312781334,3.324899822473526,2.838501473888755,3.9612967520952225,3.023100085556507,2.749100560322404,2.652902388945222,4.877201048657298,3.020599717274308
37,maxLinkedOrderedList500IncDec,16.823298064991832,17.414798494428396,16.849799547344446,16.776697942987084,16.598999733105302,20.79150080680847,18.683798145502806,19.213801715523005,17.148898681625724,16.026401426643133,17.855697544291615,18.792196875438094,18.096300773322582,18.473998177796602,18.266600323840976,19.82199726626277,16.892104875296354,19.292596960440278,16.83960179798305,17.015896271914244,27.989901835098863,26.759499683976173,24.21829989179969,27.470198459923267,19.264798378571868,19.560601795092225,16.439101425930858,18.09149794280529,16.944799106568098,18.014499451965094,17.338597448542714,17.328700283542275,19.285700283944607,19.148596096783876,18.274202244356275,16.521401004865766,17.641602084040642,18.941601272672415,16.51510247029364,18.591300817206502,17.427401151508093,17.41640199907124,16.867200611159205,16.833501402288675,17.238199012354016,17.488103127107024,17.56379590369761,18.21460179053247,16.13150117918849,18.531803274527192
38,maxLinkedOrderedList1000IncDec,73.96359997801483,68.6028974596411,69.73809958435595,70.89120289310813,134.18140192516148,67.71099963225424,67.67839705571532,68.8644980546087,70.97750133834779,67.57360114715993,75.34639700315893,71.71610044315457,68.61370149999857,68.58360138721764,66.64059613831341,66.4501036517322,69.86060040071607,70.26400370523334,70.08279673755169,69.4881014060229,71.043502073735,93.66000164300203,72.8734026197344,70.90750406496227,67.73200095631182,73.6185044515878,73.06079962290823,70.96720463596284,71.33140042424202,70.18699892796576,70.81380113959312,70.21700777113438,70.95050206407905,70.24490018375218,70.75899909250438,67.08749942481518,71.24970341101289,70.37499966099858,64.80629532597959,69.54530393704772,70.81130309961736,70.87519904598594,71.43449317663908,68.25020350515842,68.62550065852702,69.92300716228783,70.93679928220809,73.0686008464545,70.98959619179368,69.85830282792449
39,maxLinkedOrderedList2000IncDec,302.2095977794379,262.3014939017594,275.5427029915154,270.69139783270657,268.036306835711,271.706597879529,271.8894963618368,270.83560335449874,297.9239004198462,273.3521012123674,278.9564055856317,277.0676016807556,279.73410091362894,273.41430075466633,269.5538990665227,300.43100379407406,283.68630399927497,266.78679627366364,274.09699792042375,273.5798992216587,269.1416945308447,275.24550491943955,269.08919494599104,302.3346986155957,287.3358011711389,265.4921046923846,265.8518070820719,279.65189632959664,270.05909592844546,274.5179005432874,271.822600858286,300.32310099340975,270.8752986509353,278.22010149247944,274.4175004772842,272.4093005526811,282.65470173209906,273.4227925539017,271.7788985464722,292.2042990103364,279.6975066885352,272.6598922163248,268.0907959584147,275.83959326148033,275.0574036035687,269.5132016669959,282.39620313979685,301.3105974532664,278.6870019044727,271.2656017392874
40,maxLinkedOrderedList100Extract,0.05970010533928871,0.04699942655861378,0.052800169214606285,0.052799005061388016,0.053700292482972145,0.052501214668154716,0.05740043707191944,0.05430052988231182,0.0570008996874094,0.09300163947045803,0.07090019062161446,0.10709883645176888,0.05460134707391262,0.04649953916668892,0.052499352023005486,0.05190074443817139,0.05009956657886505,0.04900083877146244,0.05050073377788067,0.04829978570342064,0.04590093158185482,0.15399930998682976,0.053700292482972145,0.050198985263705254,0.05189911462366581,0.08819974027574062,0.06669946014881134,0.05529820919036865,0.052501680329442024,0.08399994112551212,0.09420025162398815,0.050400616601109505,0.052498653531074524,0.05059875547885895,0.051598530262708664,0.05150004290044308,0.047200825065374374,0.05019945092499256,0.06020069122314453,0.0500003807246685,0.04509999416768551,0.052602263167500496,0.05320040509104729,0.05110027268528938,0.05180086009204388,0.04890048876404762,0.07609999738633633,0.05149957723915577,0.05139969289302826,0.0625993125140667
41,maxLinkedOrderedList200Extract,0.1650014892220497,0.10760128498077393,0.08999975398182869,0.0994016882032156,0.09359931573271751,0.0941006001085043,0.10209903120994568,0.2306988462805748,0.10549649596214294,0.10669929906725883,0.09849946945905685,0.1026990357786417,0.10549835860729218,0.11260062456130981,0.15370012260973454,0.09090197272598743,0.09809853509068489,0.09259814396500587,0.10580010712146759,0.09239930659532547,0.09379931725561619,0.1226991880685091,0.11690054088830948,0.1004994846880436,0.1077023334801197,0.08909916505217552,0.10270043276250362,0.09399955160915852,0.20329980179667473,0.10160007514059544,0.09279907681047916,0.10490068234503269,0.08890032768249512,0.09250105358660221,0.08459971286356449,0.15349872410297394,0.10149902664124966,0.10219844989478588,0.10530045256018639,0.09680027142167091,0.09240000508725643,0.10409834794700146,0.15629851259291172,0.12850039638578892,0.10230019688606262,0.10889815166592598,0.090800691395998,0.11489982716739178,0.10589906014502048,0.11039897799491882
42,maxLinkedOrderedList500Extract,0.3153989091515541,0.2830976154655218,0.24400022812187672,0.2821008674800396,0.2938013058155775,0.2310031559318304,0.27029961347579956,0.27949921786785126,0.23199827410280704,0.2531984355300665,0.2857984509319067,0.269903102889657,0.2807017881423235,0.2981026191264391,0.2630974631756544,0.27219951152801514,0.2722006756812334,0.31890044920146465,0.261400593444705,0.3011031076312065,0.2347987610846758,0.26439945213496685,0.30070124194025993,0.25959964841604233,0.27059740386903286,0.2569963689893484,0.27620536275207996,0.30160113237798214,0.3101008478552103,0.2312005963176489,0.2883013803511858,0.32730097882449627,0.2599002327769995,0.27539744041860104,0.31140330247581005,0.2527011092752218,0.27010031044483185,0.28500077314674854,0.2351999282836914,0.3978000022470951,0.31199795193970203,0.2493993379175663,0.28489879332482815,0.43519726023077965,0.2576000988483429,0.2662995830178261,0.34219841472804546,0.24969899095594883,0.277198851108551,0.257398234680295
43,maxLinkedOrderedList1000Extract,0.6004997994750738,0.5574019160121679,0.5537003744393587,0.5641055759042501,0.6123986095190048,0.7424971554428339,0.643604202196002,0.5839965306222439,0.6872010417282581,0.6409010384231806,0.6328029558062553,0.578499399125576,0.5383014213293791,0.5199040751904249,0.5593940149992704,0.5242996849119663,0.564891379326582,0.6149003747850657,0.5310988053679466,0.5134043749421835,0.6121017504483461,0.5072955973446369,0.5286000669002533,0.7287957705557346,0.7776005659252405,0.6423047743737698,0.6177022587507963,0.5251043476164341,0.6489034276455641,0.5040010437369347,0.5300978664308786,0.500695314258337,0.525900162756443,0.5147012416273355,0.5710015539079905,0.4906021058559418,0.571403419598937,0.5149005446583033,0.6670968141406775,0.5170009098947048,0.5538975819945335,0.583696411922574,0.5606049671769142,0.5519003607332706,1.0408973321318626,0.49639446660876274,0.5938061513006687,0.5222000181674957,0.5696003790944815,0.6053000688552856
44,maxLinkedOrderedList2000Extract,1.1139046400785446,1.1137002147734165,1.1251028627157211,1.1724948417395353,1.0943063534796238,1.2693018652498722,1.4031019527465105,1.112097641453147,1.102604903280735,1.1497968807816505,1.2751072645187378,1.114599872380495,1.1012011673301458,1.1281019542366266,1.1254989076405764,1.131498720496893,1.2509040534496307,1.0637016966938972,1.1623937170952559,1.1350030545145273,1.3377962168306112,1.2606997042894363,1.1293068528175354,1.1319031473249197,1.1186010669916868,1.1740007903426886,1.1051974724978209,1.2382997665554285,1.1442014947533607,1.111794961616397,1.09969568438828,1.1324980296194553,1.102303620427847,1.21670076623559,1.346301520243287,1.1478974483907223,1.1260982137173414,1.246904255822301,1.1361080687493086,1.1163002345710993,1.1022973340004683,1.147603616118431,1.1509978212416172,1.2624936643987894,1.1327012907713652,1.1257021687924862,1.1400992516428232,1.1456003412604332,1.4340998604893684,1.2071996461600065
45,minHeap100Insert,0.13819895684719086,0.12159999459981918,0.1259006094187498,0.11879927478730679,0.12589874677360058,0.12070010416209698,0.12230081483721733,0.1388988457620144,0.12649991549551487,0.11490029282867908,0.1172986812889576,0.11550239287316799,0.12919981963932514,0.11999974958598614,0.11689960956573486,0.13960059732198715,0.11760089546442032,0.11949962936341763,0.16209972091019154,0.12099975720047951,0.11819973587989807,0.13609952293336391,0.12099999003112316,0.11769914999604225,0.1264992170035839,0.12489943765103817,0.1196006778627634,0.13230042532086372,0.12170081026852131,0.12089847587049007,0.12429989874362946,0.12139976024627686,0.11929916217923164,0.10940060019493103,0.12109940871596336,0.11409958824515343,0.11380109935998917,0.12060068547725677,0.11120014823973179,0.22610113956034184,0.12749945744872093,0.24339952506124973,0.2367005217820406,0.3075995482504368,0.28120027855038643,0.26270095258951187,0.21050102077424526,0.13039959594607353,0.10680034756660461,0.1028010156005621
46,minHeap200Insert,0.22970023564994335,0.2968008629977703,0.5841995589435101,0.46670204028487206,0.25620032101869583,0.2383983228355646,0.2331002615392208,0.23649912327528,0.2550007775425911,0.2363002859055996,0.41130254976451397,0.22279866971075535,0.22299960255622864,0.22280053235590458,0.23290119133889675,0.23400038480758667,0.23279991000890732,0.4319001454859972,0.2606005873531103,0.5352997686713934,0.2345009706914425,0.22290111519396305,0.22789952345192432,0.21679955534636974,0.5169000942260027,0.4529997240751982,0.35330047830939293,0.22839847952127457,0.2593998797237873,0.2440018579363823,0.23230048827826977,0.2605980262160301,0.2337999176234007,0.27699931524693966,0.2394986804574728,0.24079997092485428,0.24999980814754963,0.5632974207401276,0.2384998369961977,0.2355992328375578,0.23030024021863937,0.36920025013387203,0.2242014743387699,0.514201121404767,0.29350118711590767,0.49500027671456337,0.24049985222518444,0.2328974660485983,0.23580016568303108,0.2503003925085068
47,minHeap500Insert,1.0480007622390985,0.5793988239020109,0.6282986141741276,0.5416003987193108,0.5524028092622757,0.6136004813015461,0.6233009044080973,0.6299007218331099,1.1774986051023006,1.144700450822711,0.6359992548823357,0.6331985350698233,0.6213011220097542,0.660997349768877,0.5956985987722874,0.6201008800417185,0.6372018251568079,0.6764992140233517,0.7080005016177893,0.7778990548104048,1.1203044559806585,1.0897957254201174,0.6284001283347607,0.5605018232017756,0.634500989690423,0.6170000415295362,0.6285985000431538,0.6012981757521629,0.6224995013326406,0.6179974880069494,0.5877995863556862,0.6579016335308552,0.9077985305339098,1.221799524500966,0.6343985442072153,0.6521004252135754,0.6334010977298021,0.5528018809854984,0.6381014827638865,0.6197995971888304,1.0027983225882053,0.6216007750481367,0.619999598711729,0.6150009576231241,0.5763976369053125,1.0696977842599154,0.6969980895519257,0.6255977787077427,0.5262005142867565,0.6246010307222605
48,minHeap1000Insert,1.2847983743995428,1.2633984442800283,1.2767051812261343,1.4416004996746778,2.3783950600773096,1.3216971419751644,1.1314984876662493,1.3130002189427614,1.2702983804047108,1.1240001767873764,1.231703907251358,2.1662027575075626,1.7317973542958498,1.4397022314369678,1.4709001407027245,1.7835921607911587,2.4548047222197056,1.3701007701456547,1.9720003474503756,1.89999770373106,2.3030973970890045,2.3298030719161034,1.4796997420489788,2.033199882134795,2.0090993493795395,2.7226011734455824,1.2687002308666706,1.2984958011657,1.285196514800191,1.2750006280839443,1.3407005462795496,2.813903382048011,2.134899375960231,1.298100221902132,1.9493966829031706,2.231602557003498,1.2309013400226831,1.0879994370043278,1.4244993217289448,1.2893981765955687,1.2904999312013388,1.05000170879066,2.0297991577535868,1.077298540621996,1.1713998392224312,1.1531028430908918,1.286400482058525,1.3591027818620205,1.1457991786301136,1.9131009466946125
49,minHeap2000Insert,2.4142975453287363,2.2371935192495584,2.5681054685264826,3.4262000117450953,2.2321033757179976,2.499503782019019,2.5303044822067022,3.0088021885603666,2.399503020569682,2.620099810883403,2.62960116378963,2.1843002177774906,2.257396001368761,2.6497007347643375,4.0001957677304745,2.5210981257259846,2.506908029317856,3.23569611646235,2.5590057484805584,2.5956006720662117,2.473703119903803,2.488508587703109,2.5551975704729557,2.5254052598029375,2.8472007252275944,2.884499728679657,2.27709929458797,2.347908914089203,2.8120032511651516,2.5766019243746996,2.483502496033907,2.9577030800282955,2.377997152507305,2.2802050225436687,2.6231075171381235,3.0336962081491947,2.6125051081180573,2.4259972851723433,2.4737000931054354,2.9319983441382647,2.3046969436109066,2.6348999235779047,2.8399957809597254,2.6683977339416742,2.434294670820236,2.29389825835824,3.248099237680435,2.652502851560712,2.523299539461732,4.106702050194144
50,minHeap100IncDec,0.12189848348498344,0.11289841495454311,0.11119875125586987,0.11539971455931664,0.1098020002245903,0.12020114809274673,0.108000123873353,0.1117002684623003,0.1141007523983717,0.182298943400383,0.13539963401854038,0.1250996720045805,0.15159975737333298,0.10679941624403,0.10240054689347744,0.11259992606937885,0.13410020619630814,0.09800028055906296,0.1904007513076067,0.1126001589000225,0.11189933866262436,0.11199875734746456,0.11450028978288174,0.1088031567633152,0.14150189235806465,0.13110111467540264,0.2594983670860529,0.14079827815294266,0.12119999155402184,0.11229957453906536,0.12000068090856075,0.09890063665807247,0.19060028716921806,0.12449827045202255,0.10530021972954273,0.11370028369128704,0.11590030044317245,0.11519948020577431,0.11849845759570599,0.11130026541650295,0.1139987725764513,0.11809892021119595,0.12439955025911331,0.11789961718022823,0.1278999261558056,0.11059781536459923,0.1114020124077797,0.11949986219406128,0.11740135960280895,0.10910001583397388
51,minHeap200IncDec,0.19290088675916195,0.31520240008831024,0.21270033903419971,0.221701106056571,0.2320983912795782,0.20310119725763798,0.23710308596491814,0.24249963462352753,0.2038991078734398,0.2075002994388342,0.2125005703419447,0.20910007879137993,0.2094029914587736,0.22169854491949081,0.2330997958779335,0.23370026610791683,0.2175997942686081,0.24310010485351086,0.23179943673312664,0.39109960198402405,0.2322008367627859,0.22479938343167305,0.2073987852782011,0.21989946253597736,0.24819932878017426,0.2283998765051365,0.21109799854457378,0.2250978723168373,0.2301002386957407,0.21559884771704674,0.22419984452426434,0.25220075622200966,0.21930038928985596,0.21309941075742245,0.3794014919549227,0.25830045342445374,0.4767004866153002,0.22970163263380527,0.2195010893046856,0.19349949434399605,0.2304995432496071,0.22400100715458393,0.40080025792121887,0.2346003893762827,0.194100895896554,0.2186011988669634,0.18809898756444454,0.18230080604553223,0.24070125073194504,0.3120000474154949
52,minHeap500IncDec,0.8397027850151062,0.7025992963463068,0.614499906077981,0.6155972369015217,0.5752984434366226,0.4489002749323845,0.5053000058978796,0.8908011950552464,0.6135024596005678,0.598398270085454,0.5019009113311768,0.5270042456686497,0.5915984511375427,1.2317013461142778,0.502600334584713,0.4866011440753937,0.5972017534077168,0.6164018996059895,0.47549838200211525,0.5810011643916368,0.7389003876596689,0.5508987233042717,0.5882999394088984,0.6094989366829395,0.5245995707809925,0.4766019992530346,0.5124013405293226,0.6385990418493748,0.8949008770287037,0.5248000379651785,0.5932988133281469,0.4872006829828024,0.5300992634147406,0.5888000596314669,0.6052989047020674,0.6890983786433935,0.5060003604739904,0.48680021427571774,0.48559950664639473,0.5706988740712404,0.5994001403450966,0.5287996027618647,0.9223041124641895,0.8074999786913395,0.4988994915038347,0.5830996669828892,0.602601794525981,0.5695009604096413,0.485000666230917,0.9348993189632893
53,minHeap1000IncDec,1.0890995617955923,1.034298213198781,1.193902688100934,1.3765019830316305,1.0564012918621302,1.0890010744333267,1.172399614006281,1.5068035572767258,1.0084975510835648,1.0640008840709925,0.973602756857872,1.8760005477815866,1.001602504402399,1.002902863547206,1.1952968779951334,1.9812982063740492,1.0336001869291067,0.9594992734491825,1.0384037159383297,1.3555979821830988,1.0381003376096487,1.2459952849894762,1.1136005632579327,1.3876976445317268,1.10809993930161,0.9948976803570986,1.7663040198385715,0.9958941955119371,1.0826035868376493,1.1503000278025866,1.3478035107254982,1.286000944674015,1.0915040038526058,1.0621994733810425,1.5214928425848484,1.2003981973975897,1.121994573622942,1.2178006581962109,1.2728003785014153,1.0868983808904886,1.1758971959352493,1.3106984551995993,1.415902515873313,1.044499222189188,1.2551979161798954,1.1540031991899014,1.0176028590649366,1.2757971417158842,1.0657012462615967,1.3761017471551895
54,minHeap2000IncDec,2.159400610253215,2.1585000213235617,2.1121969912201166,2.1984011400491,2.5560976937413216,2.1585978101938963,2.4720996152609587,2.1753960754722357,2.5668952148407698,2.0862952806055546,2.2748028859496117,2.100300509482622,2.377293538302183,2.127397805452347,2.5582003872841597,2.169801387935877,2.647099317982793,2.209695288911462,2.5558986235409975,2.044596243649721,2.7132981922477484,2.1593961864709854,2.8603922110050917,2.281799213960767,2.342003397643566,2.6150012854486704,2.941594459116459,2.147295046597719,2.8902972117066383,2.129096072167158,2.7442986611276865,2.1885992027819157,2.362203085795045,2.2021967452019453,2.674899762496352,2.1917009726166725,2.586894202977419,2.1850985940545797,2.8593007009476423,2.2885981015861034,2.605810761451721,2.151302993297577,2.245399635285139,2.061799168586731,2.478295471519232,2.143503399565816,3.1005984637886286,2.217602450400591,2.3607048206031322,2.0444977562874556
55,minHeap100Extract,0.35869935527443886,0.34509995020926,0.6526992656290531,0.6438009440898895,0.35610003396868706,0.33040018752217293,0.34189876168966293,0.34950021654367447,0.3174999728798866,0.297000864520669,0.5352995358407497,0.4498995840549469,0.35069859586656094,0.31540170311927795,0.3476007841527462,0.31540077179670334,0.27560070157051086,0.5068990867584944,0.4883999936282635,0.3545999061316252,0.3512995317578316,0.3292995970696211,0.353699317201972,0.46639982610940933,0.3409006167203188,0.43680076487362385,0.34939940087497234,0.3377001266926527,0.35069859586656094,0.32319827005267143,0.31680031679570675,0.5177999846637249,0.43159909546375275,0.358599703758955,0.34980103373527527,0.34530111588537693,0.40110060945153236,0.34820125438272953,0.40490017272531986,0.3350009210407734,0.3603994846343994,0.3375986125320196,0.3212997689843178,0.2914015203714371,0.2724011428654194,0.7546006236225367,0.29479945078492165,0.36190240643918514,0.3501984756439924,0.34490018151700497
56,minHeap200Extract,0.9321006946265697,0.8263981435447931,1.0337010025978088,0.635399017482996,0.6674984470009804,0.7469991687685251,0.6685992702841759,0.8573001250624657,0.624899985268712,0.8417000062763691,0.6980018224567175,0.6713022012263536,0.8022033143788576,0.6580993067473173,0.9157999884337187,0.7235005032271147,0.7361003663390875,0.7774983532726765,0.6788005121052265,0.8367002010345459,0.6706025451421738,0.9152996353805065,0.6870010402053595,0.8340997155755758,0.8077984675765038,0.6901025772094727,0.6866995245218277,0.6770978216081858,0.721801770851016,0.6575013976544142,0.9604995138943195,0.6749990861862898,0.6735010538250208,0.8189016953110695,0.6706994026899338,0.7927005644887686,0.6832997314631939,0.6637002807110548,0.7458007894456387,0.6680013611912727,0.7717995904386044,0.6482999306172132,0.6495995912700891,0.7045988459140062,0.6674996111541986,0.9303977712988853,0.7254008669406176,0.8210018277168274,0.656400341540575,0.6715008057653904
57,minHeap500Extract,2.285100519657135,2.345799934118986,2.1406973246484995,2.2791011724621058,2.22399877384305,2.169898012652993,2.1715019829571247,2.220097929239273,2.181597054004669,2.1756021305918694,2.2548995912075043,2.118200296536088,2.1402016282081604,2.2518967743963003,2.332598203793168,2.1380065008997917,2.2358978167176247,2.350300783291459,2.1592993289232254,2.191001083701849,2.1699005737900734,2.2257999517023563,2.1027999464422464,2.274799160659313,2.1958977449685335,2.1016965620219707,2.068903995677829,2.1396027877926826,2.3954014759510756,2.3311981931328773,2.228800905868411,2.1383974235504866,2.189402701333165,2.2056035231798887,3.1390974763780832,3.8943004328757524,2.2201023530215025,2.3709991946816444,2.368397079408169,2.2349990904331207,2.1786950528621674,2.25190375931561,2.271900186315179,2.262798137962818,2.2970016580075026,2.3523990530520678,2.236301079392433,2.264596289023757,2.125099301338196,2.152198925614357
58,minHeap1000Extract,5.065996432676911,5.008198786526918,4.917291924357414,4.992198431864381,4.858801374211907,4.829401150345802,4.942901898175478,5.073497071862221,4.802002804353833,6.152006797492504,5.23390294983983,4.922002786770463,4.876603605225682,4.937893711030483,4.888700786978006,4.830698017030954,5.105298012495041,4.811896942555904,5.000103497877717,4.990600515156984,4.808803321793675,4.86309640109539,4.846296971663833,5.737593397498131,5.30259357765317,4.99209831468761,4.9248014111071825,4.825497744604945,5.334701621904969,4.92150173522532,4.923194646835327,5.01250266097486,4.868995398283005,4.867196548730135,4.9440928269177675,4.870697855949402,4.89719957113266,5.716198123991489,5.052900407463312,5.132807185873389,5.019897362217307,5.137605592608452,4.923897096887231,6.370204500854015,4.940793849527836,4.85409889370203,4.908697912469506,4.961999831721187,4.815902328118682,4.898797953501344
59,minHeap2000Extract,11.51820388622582,11.123801348730922,10.951601201668382,11.835796991363168,11.048601707443595,10.991599643602967,10.976498248055577,11.447204276919365,10.94050519168377,10.972297983244061,11.874699266627431,11.13099348731339,10.913304286077619,10.889009106904268,11.930596781894565,11.16160093806684,11.081402422860265,11.652304558083415,11.796497739851475,14.042696449905634,11.232899967581034,12.66939821653068,11.072800727561116,11.054502567276359,11.65240304544568,11.087002232670784,12.618908425793052,12.439890066161752,11.058296542614698,11.068695690482855,10.972406482324004,11.68290269561112,11.08560198917985,11.088300962001085,12.248103972524405,11.144501389935613,11.081499746069312,10.919501539319754,11.61569613032043,10.934202000498772,11.005501495674253,11.208602460101247,11.308105196803808,11.162201641127467,11.264401720836759,11.843099258840084,11.649698484688997,11.277104262262583,15.33300057053566,12.301792157813907
60,minLinkedList100Insert,0.3041001036763191,0.5192991811782122,0.20339922048151493,0.18190010450780392,0.17360085621476173,0.26270002126693726,0.26979902759194374,0.2629996743053198,0.26369839906692505,0.18619862385094166,0.2667002845555544,0.2612997777760029,0.2633994445204735,0.2200996968895197,0.23080059327185154,0.30710012651979923,0.2699997276067734,0.26049953885376453,0.25999918580055237,0.2657007426023483,0.2634997945278883,0.26000128127634525,0.24220137856900692,0.2638990990817547,0.27920003049075603,0.19829976372420788,0.26060151867568493,0.2671999391168356,0.2627996727824211,0.33399881795048714,0.26890006847679615,0.27000089175999165,0.2655994612723589,0.2638010773807764,0.27129962109029293,0.4498001653701067,0.20059826783835888,0.2488002646714449,0.26989891193807125,0.2605991903692484,0.2589011564850807,0.2534016966819763,0.2606012858450413,0.18680025823414326,0.264299800619483,0.2573009114712477,0.26040058583021164,0.25870068930089474,0.2624993212521076,0.27290196157991886
61,minLinkedList200Insert,0.8009008597582579,0.8989002089947462,0.9153014980256557,0.6294010672718287,0.6077983416616917,0.5774013698101044,0.617199344560504,0.9172013960778713,0.6776999216526747,2.497399691492319,0.6550019606947899,0.9108004160225391,0.9039014112204313,0.7070018909871578,0.5711996927857399,0.5790011491626501,0.591701827943325,0.9217988699674606,0.9131997358053923,0.8569983765482903,0.6367999594658613,0.5976015236228704,0.9337007068097591,2.235898282378912,0.9853001683950424,0.9067007340490818,0.9069996885955334,0.7037015166133642,0.9154994040727615,0.9050990920513868,0.7007019594311714,0.9163988288491964,0.9072001557797194,0.8102995343506336,0.7823002524673939,1.6050990670919418,0.8974992670118809,0.7252008654177189,0.6048998329788446,0.9160989429801702,0.7867978420108557,0.9111985564231873,0.6783013232052326,0.5980029236525297,0.5884994752705097,0.9191029239445925,0.9158998727798462,0.7021005731076002,0.9756023064255714,0.7468999829143286
62,minLinkedList500Insert,3.417100990191102,3.2151960767805576,5.205899942666292,4.584600450471044,3.2099976669996977,3.5130998585373163,4.2626988142728806,4.744597943499684,3.7565971724689007,4.867698764428496,3.7085034418851137,3.990301862359047,3.4423992037773132,4.177997354418039,4.837100859731436,3.3624996431171894,3.2616998068988323,3.9748032577335835,4.792701452970505,3.5008001141250134,5.149197299033403,6.297002080827951,3.153494093567133,3.351999446749687,4.713502246886492,4.135303199291229,3.105900017544627,3.4708972088992596,3.4044007770717144,4.341798136010766,3.1059039756655693,3.4367013722658157,3.131302073597908,5.225301953032613,3.323202719911933,4.359799204394221,3.3333946485072374,6.3597040716558695,4.7025978565216064,8.305999683216214,3.806596854701638,9.312103036791086,4.599798005074263,6.155798910185695,5.112399812787771,3.5681978333741426,5.536903394386172,6.7024012096226215,4.51480015181005,10.009301593527198
63,minLinkedList1000Insert,20.903597120195627,12.5687001273036,14.159199548885226,13.713299063965678,15.08760149590671,11.865605367347598,17.23010465502739,13.604190899059176,13.546797446906567,13.60520371235907,12.883396353572607,14.29200335405767,13.660498196259141,14.157697558403015,11.782695539295673,12.667496223002672,13.844098662957549,13.663199031725526,13.095799833536148,13.605900574475527,13.505504466593266,11.838596547022462,13.15690134651959,12.906103627756238,15.923297265544534,12.590801576152444,13.542295899242163,16.19639853015542,12.16800487600267,13.069004053249955,13.567994115874171,14.98120161704719,12.855706037953496,13.996797380968928,13.597300974652171,13.937000185251236,11.739400681108236,12.277396861463785,12.819700641557574,13.692894717678428,13.533898862078786,14.474901836365461,12.774900766089559,12.051098048686981,12.998900609090924,13.822403037920594,14.478603843599558,13.603501487523317,14.782596146687865,13.633999973535538
64,minLinkedList2000Insert,50.70519866421819,47.97730362042785,47.94020019471645,49.707396887242794,50.7025015540421,52.743200212717056,48.242196906358004,51.18799745105207,49.59340114146471,47.47060243971646,49.04290591366589,50.10470002889633,48.94739715382457,50.67029129713774,49.74579764530063,49.696199130266905,47.45960212312639,51.389908185228705,53.53580415248871,48.438301077112556,47.52640216611326,46.707103960216045,47.035600524395704,49.13369729183614,48.059904249385,50.196697702631354,50.18180562183261,68.87790281325579,52.29279864579439,48.815900925546885,53.518697153776884,51.81689839810133,51.42750474624336,48.87479869648814,49.62490405887365,50.775198033079505,49.08940172754228,52.50740051269531,47.888897359371185,46.73629510216415,49.05050387606025,50.40309904143214,48.43610688112676,50.833293702453375,49.89740112796426,47.71200008690357,48.51169977337122,51.43810203298926,51.07280449010432,47.4803966935724
65,minLinkedList100IncDec,0.4962009843438864,0.33170124515891075,0.29399991035461426,0.3038998693227768,0.3037992864847183,0.7095001637935638,0.3724992275238037,1.0470012202858925,0.3045003395527601,0.3309999592602253,0.30159996822476387,0.31630112789571285,0.32009859569370747,0.3035010304301977,0.29280129820108414,0.3408996853977442,0.5457005463540554,0.30969874933362007,0.286199152469635,0.32399967312812805,0.30060019344091415,0.33570011146366596,0.3053992986679077,0.2955002710223198,0.29759970493614674,0.33020111732184887,0.3627999685704708,0.3519016318023205,0.2888999879360199,0.3074000123888254,0.8473007474094629,0.303399283438921,0.29529910534620285,0.4030016716569662,0.3196003381162882,0.29750028625130653,0.3070996608585119,0.29700156301259995,0.2935999073088169,0.3108987584710121,0.29579922556877136,0.2882005646824837,0.5145990289747715,0.29720040038228035,0.3191996365785599,0.2999014686793089,0.27950131334364414,0.3248020075261593,0.3039997536689043,0.30820094980299473
66,minLinkedList200IncDec,1.4368006959557533,2.088999841362238,1.0724000167101622,0.9559998288750648,1.1342004872858524,1.0710014030337334,1.0186994913965464,1.053700689226389,1.0750989895313978,1.0621990077197552,1.6073004808276892,1.27549865283072,1.3088993728160858,1.0269004851579666,0.9917991701513529,1.0459001641720533,1.2284994591027498,1.0938998311758041,1.0614991188049316,1.2314000632613897,1.095999265089631,1.115696970373392,1.0552997700870037,1.0446999222040176,1.098901266232133,1.1093991342931986,1.1925017461180687,1.1595990508794785,1.2804009020328522,2.33510066755116,1.6784011386334896,1.1799996718764305,1.0085017420351505,1.0541027877479792,1.1445996351540089,1.0396996513009071,0.992501387372613,1.2055982369929552,2.36369832418859,1.0612993501126766,1.1014977935701609,1.0072009172290564,1.1376987677067518,1.0424992069602013,1.0842971969395876,1.0407005902379751,3.3813032787293196,1.082300441339612,1.0550010483711958,1.0738014243543148
67,minLinkedList500IncDec,7.198303705081344,7.974301930516958,8.31829966045916,6.465901387855411,9.496098151430488,6.404300453141332,7.479900727048516,6.402803352102637,7.120502647012472,6.761200493201613,9.47109772823751,6.562798749655485,8.160300087183714,6.953901378437877,8.61749891191721,6.744498619809747,9.219696978107095,7.821697974577546,6.4739028457552195,9.1799006331712,7.038199109956622,8.277598768472672,6.305596558377147,8.245894918218255,6.83120172470808,9.169799042865634,6.666999775916338,7.363699842244387,6.920598214492202,7.595699047669768,6.9340975023806095,7.399200927466154,7.128999335691333,7.0348018780350685,6.747600855305791,7.144800154492259,6.632902659475803,8.207297883927822,8.233898086473346,7.539400365203619,15.606802189722657,12.22989964298904,10.234403889626265,11.568698333576322,8.238700218498707,9.0187001042068,7.608301006257534,7.892803056165576,6.968002067878842,7.9677957110106945
68,minLinkedList1000IncDec,32.21069648861885,34.366099862381816,29.50180252082646,30.127204256132245,28.729202691465616,29.054902959614992,32.439900329336524,28.887299820780754,30.620397767052054,30.187899945303798,29.842896852642298,27.990397764369845,30.115098925307393,29.545601923018694,30.579198384657502,28.4680996555835,27.713603107258677,28.808302944526076,28.803598368540406,28.36030349135399,29.72789853811264,29.620703076943755,31.340695451945066,37.59170207194984,30.237304512411356,27.405897853896022,29.350499156862497,28.804094763472676,30.153701081871986,29.989903094246984,30.31450090929866,29.62420368567109,31.241700751706958,28.829000890254974,32.59449824690819,29.06839968636632,29.50259973295033,30.85430059581995,29.63709901086986,31.67920303530991,32.71289449185133,28.74689968302846,28.678897535428405,30.030597234144807,28.97889749146998,30.40160145610571,32.585099106654525,27.866996824741364,28.979298658668995,31.635292805731297
69,minLinkedList2000IncDec,124.25109278410673,122.98959610052407,121.48339324630797,131.57649873755872,127.31359573081136,118.62720153294504,118.3126955293119,119.21650357544422,122.49670503661036,122.54050560295582,122.38359730690718,120.89790031313896,121.33089592680335,183.64360206760466,114.90249750204384,122.95329850167036,117.51660122536123,116.1910928785801,120.34410494379699,122.18470289371908,147.1442962065339,122.73529986850917,119.36540226452053,119.24429913051426,127.7195957954973,119.29160379804671,123.18460177630186,120.84590271115303,121.00120121613145,117.40730050951242,120.73910515755415,120.8861991763115,118.71509323827922,118.98039374500513,116.79850448854268,118.25410043820739,121.52499938383698,122.38959944806993,143.25769571587443,120.59950595721602,118.69760230183601,122.32139380648732,118.75829915516078,122.62259633280337,123.89379274100065,118.00750158727169,120.26189686730504,120.40559481829405,122.77710437774658,122.13390367105603
70,minLinkedList100Extract,0.6053000688552856,0.6007011979818344,0.6004993338137865,0.5974993109703064,0.6122996564954519,0.9324999991804361,0.5454989150166512,0.7428990211337805,0.751100480556488,0.7426000665873289,0.46930043026804924,0.7878998294472694,0.6759003736078739,0.5971996579319239,0.597500242292881,0.6184990052133799,0.6128994282335043,0.9983994532376528,0.5602999590337276,0.7311014924198389,0.5449005402624607,0.6385000888258219,0.6019989959895611,0.63920090906322,0.6317002698779106,0.6200012285262346,0.5100006237626076,0.5940000992268324,0.5944992881268263,0.5586997140198946,0.49400096759200096,0.6015999242663383,0.6036998238414526,0.6036991253495216,0.5903979763388634,0.5997982807457447,0.9390006307512522,1.2857995461672544,1.405099406838417,0.49780006520450115,0.6309994496405125,0.5601996090263128,0.5968005862087011,0.605900539085269,0.5960986018180847,0.6134007126092911,0.6044008769094944,0.5951998755335808,0.6866001058369875,0.7017010357230902
71,minLinkedList200Extract,2.238800749182701,2.089099492877722,2.246901160106063,2.2483982611447573,2.235100604593754,1.9413016270846128,2.233600476756692,2.086102031171322,2.362100640311837,2.9059017542749643,1.924598589539528,2.2417018190026283,2.2393998224288225,1.9625003915280104,2.8777008410543203,2.8820019215345383,2.0717005245387554,2.250700257718563,1.92799954675138,1.9597024656832218,2.386100124567747,2.8182005044072866,1.836999086663127,2.248600125312805,1.9529026467353106,1.9467980600893497,2.2487021051347256,4.2803012765944,2.2536010947078466,2.2499978076666594,2.003900706768036,2.27170018479228,1.9352003000676632,3.0821976251900196,2.7321006637066603,1.9193985499441624,1.6019982285797596,1.921401359140873,1.9628992304205894,2.855300437659025,2.783297561109066,1.689197262749076,1.7786999233067036,2.244300674647093,1.6534007154405117,1.6934981103986502,3.236600197851658,1.770199742168188,1.7836987972259521,2.0277006551623344
72,minLinkedList500Extract,13.006900437176228,9.762195870280266,12.855499750003219,40.86470091715455,26.486098999157548,22.254898911342025,9.695499204099178,11.838101083412766,11.796701233834028,10.01140009611845,11.184295639395714,11.534200515598059,9.977502981200814,10.964805958792567,10.599099798128009,9.962501004338264,11.083697667345405,11.22729480266571,9.694498963654041,11.083400575444102,10.745602659881115,9.672902058809996,12.273300206288695,10.562398005276918,9.885398438200355,10.720997583121061,11.15409773774445,12.139902915805578,12.537799309939146,10.790400207042694,10.50539966672659,9.786797221750021,10.589899029582739,11.142700212076306,9.750699158757925,12.29709922336042,10.527602396905422,9.84410010278225,9.814801625907421,11.3294986076653,10.101801017299294,10.281395399942994,12.221000390127301,12.137299869209528,10.809101862832904,11.336900293827057,11.884402483701706,9.851800743490458,10.829499689862132,12.048498028889298
73,minLinkedList1000Extract,41.398096131160855,53.25509863905609,42.81459981575608,39.756296668201685,42.31529403477907,41.24369961209595,45.102900825440884,43.21409924887121,41.069201193749905,45.24750029668212,43.58249600045383,48.255400732159615,49.652901478111744,60.960199451074004,44.51109957881272,40.86969932541251,41.07549972832203,40.205299854278564,41.4457016158849,42.440899880602956,41.970500722527504,42.85930027253926,40.83190439268947,44.07560057006776,43.591499561443925,43.044398771598935,42.388602159917355,42.27320267818868,45.878100441768765,42.14459960348904,41.88739904202521,42.74869989603758,41.96750302799046,41.086395271122456,42.61789680458605,39.578098338097334,39.988698437809944,41.44149646162987,41.68850346468389,43.96280040964484,41.47450206801295,40.950999362394214,42.10419789887965,44.61160022765398,43.245101580396295,40.07110116071999,43.400598457083106,42.48069552704692,41.08879924751818,43.760199565440416
74,minLinkedList2000Extract,157.6796006411314,158.144200919196,158.94179162569344,183.32469160668552,161.74129582941532,161.7436008527875,160.85579968057573,163.9735959470272,155.6107986252755,155.95250413753092,155.32190259546041,162.57229819893837,157.42110251449049,163.708190433681,162.40480076521635,157.62030007317662,182.9332031775266,161.7262044455856,159.54539529047906,156.30169748328626,162.33760584145784,157.4119026772678,165.24810856208205,161.62630845792592,158.05630455724895,159.40260840579867,159.91940558888018,158.42279489152133,162.54400578327477,163.08720177039504,177.53410409204662,159.8185000475496,169.55789062194526,158.0017996020615,163.41349855065346,157.5583030935377,160.67390330135822,162.57429821416736,163.4411949198693,158.0112031660974,169.29599712602794,158.22769957594573,170.21750030107796,175.78550172038376,162.95579285360873,156.1193997040391,157.159305177629,158.8062010705471,155.4539029020816,158.8855958543718
75,minLinkedOrderedList100Insert,0.32050046138465405,0.2756989561021328,0.35280059091746807,0.4280996508896351,0.36130030639469624,0.711600761860609,0.2944988664239645,0.37840032018721104,0.35200081765651703,0.3205006942152977,0.9405007585883141,0.7855999283492565,0.7590001914650202,0.3285009879618883,0.36440021358430386,0.41710096411406994,0.3441011067479849,0.35689794458448887,0.3451989032328129,0.37609972059726715,0.35800086334347725,0.36700000055134296,0.34719938412308693,0.36859954707324505,0.3117017913609743,0.36720000207424164,0.38750050589442253,0.2593998797237873,0.28319796547293663,0.3104011993855238,0.47340034507215023,0.2720004413276911,0.8742006029933691,0.44159963726997375,0.3552013076841831,0.3635005559772253,0.39249961264431477,0.35590073093771935,0.3970006946474314,0.39010075852274895,0.3579994663596153,0.4183996934443712,0.34769903868436813,0.3863994497805834,0.3652998711913824,0.39659952744841576,0.3904998302459717,0.2794994506984949,0.3736000508069992,0.35230000503361225
76,minLinkedOrderedList200Insert,1.1601997539401054,1.2374015059322119,1.2854004744440317,1.153300516307354,1.0450996924191713,0.9942005854099989,1.1996994726359844,1.1215992271900177,1.222499879077077,1.3217011000961065,1.220801379531622,1.3291991781443357,0.9435007814317942,1.3163997791707516,1.2221003416925669,1.2540007010102272,1.3362981844693422,1.2953991536051035,1.3253993820399046,0.9748009033501148,1.3483983930200338,1.3696018140763044,1.018101116642356,1.0225011501461267,1.291199354454875,1.9207990262657404,1.3065000530332327,1.361502567306161,1.3089003041386604,0.9849020279943943,1.3359019067138433,1.2843997683376074,1.0222992859780788,0.8930987678468227,0.9381994605064392,1.0854997672140598,1.400497043505311,0.9783981367945671,1.2694995384663343,1.034996472299099,1.113399164751172,1.3486002571880817,1.2409996706992388,0.8976992685347795,0.9188996627926826,2.140400232747197,0.9194002486765385,1.1894006747752428,1.2606983073055744,1.1435018386691809
77,minLinkedOrderedList500Insert,6.589996162801981,6.2211002223193645,5.4550019558519125,6.778698414564133,6.379697937518358,5.446897819638252,7.756600389257073,5.514798453077674,7.589499466121197,5.8822003193199635,6.83140242472291,6.344302790239453,5.702900467440486,6.856999592855573,6.256299559026957,6.0378992930054665,5.36740105599165,5.9020009357482195,6.9362998474389315,5.875993287190795,6.575499195605516,5.443396978080273,5.68119902163744,5.806500790640712,5.762498825788498,5.8590013068169355,6.2913005240261555,5.022998200729489,6.0720001347362995,5.513101816177368,5.181697895750403,7.275399286299944,6.2039007898420095,7.397000445052981,5.241297651082277,5.308096995577216,6.360998610034585,5.336499772965908,5.546199856325984,5.9735996183007956,5.363299278542399,6.293597398325801,5.662400973960757,5.5399020202457905,6.311303470283747,5.4173998069018126,5.908001214265823,5.314899608492851,5.770302843302488,6.383902858942747
78,minLinkedOrderedList1000Insert,21.232896950095892,22.411096608266234,22.27789699099958,22.36519823782146,23.85479467920959,24.3189069442451,23.406499065458775,21.34530385956168,23.41439831070602,24.008398409932852,20.962500013411045,22.068900056183338,21.29360637627542,22.580599645152688,22.036799229681492,21.686800522729754,21.905596368014812,21.451300010085106,41.88060131855309,72.90130015462637,33.63159764558077,49.25580369308591,27.1574049256742,24.392801336944103,27.80790044926107,21.839899942278862,22.339999908581376,24.04810069128871,22.029096260666847,21.103500621393323,24.101896677166224,22.688697557896376,22.417298750951886,21.42369979992509,21.934895077720284,22.577302297577262,22.175503196194768,21.548596676439047,24.649799335747957,22.558099357411265,22.040000883862376,22.216198965907097,23.57140020467341,25.291798636317253,22.807794390246272,21.38440008275211,21.88810263760388,23.090805392712355,22.577299270778894,21.27250679768622
79,minLinkedOrderedList2000Insert,83.64899968728423,91.71109809540212,86.0889998730272,87.03350089490414,83.05270015262067,91.40319330617785,83.81149987690151,88.52759469300508,86.94739872589707,86.46699599921703,83.70009972713888,86.3430006429553,86.28119481727481,86.27280406653881,82.9935020301491,104.01129466481507,85.28170012868941,86.26279514282942,85.6696933042258,85.01000376418233,96.74219717271626,84.1391037683934,92.52320206724107,83.27050181105733,87.95230183750391,85.00720630399883,93.55549956671894,88.87729840353131,86.53540327213705,81.93460060283542,83.47400347702205,81.11270074732602,83.45899544656277,89.50009848922491,87.74009719491005,85.59599635191262,86.63669554516673,85.32740571536124,88.80020142532885,98.4080950729549,97.96880465000868,93.8732037320733,88.81170046515763,83.1595971249044,84.06839612871408,85.24680160917342,82.29189785197377,84.13850446231663,82.29300077073276,81.52899867855012
80,minLinkedOrderedList100IncDec,0.7838020101189613,0.9304007980972528,0.9550999384373426,0.8464001584798098,0.8173005189746618,0.8801999501883984,0.7826013024896383,0.9306010324507952,0.8226011414080858,0.8461000397801399,0.9241010993719101,0.8897003717720509,2.234899206086993,0.7980999071151018,0.971699133515358,0.9085012134164572,0.9227001573890448,1.066600438207388,0.9364993311464787,0.8839995134621859,0.9818016551434994,0.8912000339478254,0.818200409412384,1.399298431351781,0.7870006375014782,0.812700018286705,0.8122003637254238,1.0193001944571733,0.9528014343231916,0.9090001694858074,0.9143003262579441,0.7539000362157822,1.07260188087821,0.8638019207865,0.9362990967929363,0.8011013269424438,1.0896013118326664,1.017000526189804,0.9654986206442118,0.9277989156544209,0.9438986890017986,0.8073002099990845,1.079498091712594,0.8993989322334528,0.9151007980108261,0.9116991423070431,0.7999013178050518,1.8538986332714558,1.1205996852368116,0.9334015194326639
81,minLinkedOrderedList200IncDec,2.879400970414281,3.5884007811546326,3.0518989078700542,4.224601434543729,3.007100196555257,3.592699533328414,2.7756013441830873,5.466000642627478,2.993500791490078,3.50540061481297,3.107299329712987,4.001201596111059,3.1139005441218615,3.4645991399884224,3.063900861889124,3.6630984395742416,2.918599871918559,3.3909042831510305,3.9516000542789698,3.7127009127289057,2.8547008987516165,2.9819016344845295,2.970700152218342,3.3619008027017117,3.4850009251385927,2.731197979301214,3.030401421710849,4.744400503113866,2.6715013664215803,2.8990008868277073,3.3286004327237606,4.412798676639795,3.7295997608453035,2.7699004858732224,3.0772024765610695,5.318600218743086,3.3217996824532747,3.058400470763445,3.3148005604743958,4.125300794839859,3.530398942530155,3.1876012217253447,3.105002222582698,3.6461008712649345,3.3830003812909126,2.8600001242011786,3.0658000614494085,3.5398995969444513,2.6886030100286007,2.893000142648816
82,minLinkedOrderedList500IncDec,19.18890094384551,17.74679869413376,19.067202927544713,17.09380210377276,19.670700887218118,19.121198914945126,20.629097241908312,17.963399412110448,20.067799370735884,19.594899145886302,18.113195663318038,18.669600831344724,17.299298429861665,18.613798776641488,17.881604144349694,19.092297879979014,20.605601370334625,18.601700197905302,18.108799820765853,28.53349968791008,26.822500163689256,24.104300187900662,20.955099258571863,18.540300196036696,19.245001254603267,17.669098684564233,20.135700702667236,18.229902256280184,18.92970036715269,18.40780209749937,18.795101437717676,19.12220288068056,18.5821030754596,17.23640295676887,20.361001137644053,18.43799976631999,19.327399553731084,20.268499618396163,18.66250019520521,19.41459928639233,20.424199989065528,17.491503385826945,20.980401895940304,17.356299329549074,19.280097680166364,18.41440238058567,17.9813033901155,18.32299935631454,17.666302155703306,19.16749798692763
83,minLinkedOrderedList1000IncDec,74.40590090118349,72.10629992187023,75.40989993140101,72.20340124331415,74.35140083543956,76.09309814870358,74.59960016421974,70.76810044236481,70.7255001179874,73.73319892212749,71.99180289171636,75.35709952935576,72.07309803925455,73.12799314968288,75.85189933888614,70.69149799644947,73.58260359615088,77.30799820274115,74.92460124194622,72.46649661101401,105.67620163783431,70.9246036130935,73.3265036251396,76.51570229791105,78.04709859192371,71.86749926768243,76.96909480728209,72.76209886185825,74.60039923898876,68.21609754115343,71.79290358908474,73.77550075761974,134.7182032186538,68.51919926702976,73.54279980063438,69.06810100190341,73.81339813582599,78.33270123228431,71.13110064528883,71.83170365169644,72.86490336991847,71.77170179784298,73.3382988255471,74.63219435885549,72.29410018771887,76.04170381091535,74.88929782994092,71.90929562784731,95.58930015191436,80.49740246497095
84,minLinkedOrderedList2000IncDec,291.36470798403025,288.72189368121326,291.7004048358649,296.6455041896552,288.96609670482576,292.5375003833324,313.5885000228882,287.1721989940852,293.9964970573783,296.84230289421976,282.1650970727205,284.9251034203917,295.0399941764772,290.17800162546337,317.6562059670687,287.36580489203334,292.46059828437865,284.4002016354352,284.95960170403123,287.9775008186698,285.7490982860327,316.2817081902176,286.4255956374109,282.2447009384632,287.12170431390405,288.3600015193224,291.44230228848755,287.14850544929504,294.90829864516854,332.73299410939217,287.9024026915431,285.05340218544006,289.08809507265687,282.5737076345831,285.1919948589057,286.27400379627943,316.3958943914622,291.61540511995554,284.4296917319298,288.36410166695714,290.3763030190021,287.2692933306098,288.87080354616046,312.6746972557157,286.54019930399954,283.6235009599477,290.4347022995353,296.6177964117378,285.8698021154851,297.89489950053394
85,minLinkedOrderedList100Extract,0.05230121314525604,0.051701441407203674,0.050798989832401276,0.04800152964890003,0.05069980397820473,0.05180086009204388,0.08150027133524418,0.0472022220492363,0.06430130451917648,0.0688002910465002,0.0541007611900568,0.05150097422301769,0.0616009347140789,0.050099799409508705,0.05199946463108063,0.04930025897920132,0.050501199439167976,0.04970119334757328,0.048099085688591,0.05509937182068825,0.05270005203783512,0.051199691370129585,0.06749900057911873,0.10590045712888241,0.05440018139779568,0.053800176829099655,0.0508003868162632,0.1939993817359209,0.04959967918694019,0.05190097726881504,0.06420048885047436,0.061898957937955856,0.05150004290044308,0.049298396334052086,0.04919921047985554,0.051699113100767136,0.049700262024998665,0.049298861995339394,0.06680004298686981,0.07349951192736626,0.05269981920719147,0.05190051160752773,0.062400707975029945,0.06080092862248421,0.05379854701459408,0.07519940845668316,0.05120038986206055,0.05150027573108673,0.049700262024998665,0.051601091399788857
86,minLinkedOrderedList200Extract,0.09970157407224178,0.10150065645575523,0.09450060315430164,0.10969815775752068,0.1216998789459467,0.11520017869770527,0.09470037184655666,0.08969963528215885,0.10219961404800415,0.09199953638017178,0.17199874855577946,0.12059765867888927,0.09999983012676239,0.08869962766766548,0.089599983766675,0.08969870395958424,0.10399939492344856,0.12279883958399296,0.10099867358803749,0.11070072650909424,0.0950000248849392,0.10180030949413776,0.09929784573614597,0.19369879737496376,0.10199891403317451,0.09010173380374908,0.10289996862411499,0.0958009622991085,0.13250065967440605,0.13130158185958862,0.10010111145675182,0.09779981337487698,0.10269857011735439,0.08649961091578007,0.09439932182431221,0.14469865709543228,0.11519924737513065,0.09240023791790009,0.10019959881901741,0.0936014112085104,0.09379931725561619,0.14930148608982563,0.10770140215754509,0.24459930136799812,0.09310129098594189,0.09009987115859985,0.0988994725048542,0.09260093793272972,0.15469989739358425,0.11010048910975456
87,minLinkedOrderedList500Extract,0.3073012921959162,0.23139826953411102,0.2899004612118006,0.2874992787837982,0.29119825921952724,0.23829936981201172,0.32089604064822197,0.28419727459549904,0.29900018125772476,0.23319898173213005,0.2650986425578594,0.2822983078658581,0.2308017574250698,0.27789827436208725,0.2732968423515558,0.29220059514045715,0.2290988340973854,0.24880049750208855,0.3026006743311882,0.44070277363061905,0.23090117610991,0.2862981054931879,0.2821027301251888,0.2402986865490675,0.47919852659106255,0.3639017231762409,0.2588983625173569,0.2809006255120039,0.22560241632163525,0.25129946880042553,0.2840971574187279,0.24320092052221298,0.2495008520781994,0.29899924993515015,0.2709990367293358,0.24539977312088013,0.2764009404927492,0.2497006207704544,0.3136007580906153,0.2611998934298754,0.25169807486236095,0.42429869063198566,0.29909773729741573,0.24789897724986076,0.249998876824975,0.25650043971836567,0.2743983641266823,0.30529871582984924,0.2416023053228855,0.2487008459866047
88,minLinkedOrderedList1000Extract,0.5829944275319576,0.5064012948423624,0.5578005220741034,0.5080993287265301,0.5230032838881016,0.7280032150447369,1.0399986058473587,0.5445999559015036,0.5349020939320326,0.5209010560065508,0.5546959582716227,0.5566996987909079,0.5438046064227819,0.556096201762557,0.5392963066697121,0.5414043553173542,0.5945030134171247,0.6399038247764111,0.5642015021294355,0.5129016935825348,0.5261031910777092,0.4918987397104502,0.5306985694915056,0.5084995646029711,0.5289977416396141,0.5149026401340961,0.5828000139445066,0.66779600456357,0.6173986475914717,0.5368969868868589,0.5479971878230572,0.48920162953436375,0.5564014427363873,0.5088998004794121,0.5203031469136477,0.529303215444088,0.5440032109618187,0.5049023311585188,0.6387981120496988,0.5367053672671318,0.5497985985130072,0.4930004943162203,0.5272033158689737,0.5026999861001968,0.5762001965194941,0.5089028272777796,0.5849986337125301,0.507997814565897,0.5133987870067358,0.5203986074775457
89,minLinkedOrderedList2000Extract,1.1966987513005733,1.3948979321867228,1.2632953003048897,1.132298493757844,1.1042999103665352,1.2692061718553305,1.2784989085048437,1.1087991297245026,1.1531985364854336,1.1898018419742584,1.1419933289289474,1.2399971019476652,1.1243019253015518,1.3470002450048923,1.1433984618633986,1.1253010015934706,1.2251026928424835,1.129194162786007,1.1142997536808252,1.1808997951447964,1.1132957879453897,1.2112031690776348,1.1571948416531086,1.1207058560103178,1.1149984784424305,1.1576972901821136,1.353398198261857,1.2301960960030556,1.155596924945712,1.146393595263362,1.089905621483922,1.1236013378947973,1.2391996569931507,1.1121940333396196,1.1352025903761387,1.1175996623933315,1.1012018658220768,1.1122014839202166,1.3533029705286026,1.5347977168858051,1.356699736788869,1.4152913354337215,1.5248043928295374,1.475998666137457,1.322596101090312,1.2760974932461977,1.2611027341336012,1.1523000430315733,1.1574977543205023,1.2097039725631475
